Project,Sponsor,TOC Presentation,Accepted,Stage,Logo on CNCF website,CLA,Governance,Security Disclosure,Security Audit,CoC,Slack,GitHub URL
Kubernetes,Alexis Richardson,N/A,3/10/16,Graduation,Yes,CLA,Yes,Yes,Now on third,Yes,https://kubernetes.slack.com/,https://github.com/kubernetes
Prometheus,Alexis Richardson,3/4/16,5/9/16,Graduation,Yes,DCO,Yes,Yes,"Yes, cure53",Yes,IRC,https://github.com/prometheus
OpenTracing,Bryan Cantrill,8/17/16,10/11/16,Incubation,Yes,No,Yes,No,No,Yes,CNCF,https://github.com/opentracing
Fluentd,Brian Grant,8/3/16,11/8/16,Graduation,Yes,DCO,Yes,No,No,Yes,https://slack.fluentd.org/,https://github.com/fluent
Linkerd,Jonathan Boulle,10/5/16,1/23/17,Incubation,Yes,DCO,Yes,No,No,Yes,https://linkerd.slack.com/,https://github.com/linkerd
gRPC,Brian Grant,10/19/16,2/16/17,Incubation,Yes,CLA,Yes,No,No,Yes,https://gitter.im/grpc/grpc,https://github.com/grpc
CoreDNS,Jonathan Boulle,8/17/16,2/27/17,Graduation,Yes,CLA,Yes,"Yes, email address",Cure53,Yes,CNCF,https://github.com/coredns
containerd,Brian Grant,3/15/17,3/25/17,Graduation,Yes,DCO,Yes,"Yes, email address",No,Yes,CNCF,https://github.com/containerd
rkt,Brian Grant,3/15/17,3/25/17,Archived,Yes,DCO,No,"Yes, email address",No,Yes,N/A,https://github.com/rkt
CNI,Kenneth Owens,5/4/17,5/23/17,Incubation,Yes,DCO,Yes,No,No,Yes,N/A,https://github.com/containernetworking
Envoy,Alexis Richardson,8/15/17,9/13/17,Graduation,Yes,DCO,Yes,"Yes, email address","Yes, Cure53",Yes,https://envoyproxy.slack.com/,https://github.com/envoyproxy
Jaeger,Bryan Cantrill,8/1/17,9/13/17,Graduation,Yes,DCO,Yes,Yes,"Yes, Cure53",Yes,"gitter.im/jaegertracing ",https://github.com/jaegertracing
TUF,Solomon Hykes,6/20/17,10/24/17,Graduation,,,,,,,N/A,https://github.com/theupdateframework
Notary,Solomon Hykes,6/20/17,10/24/17,Incubation,Yes,DCO,Yes,No,NCC/Cure53,Yes,,https://github.com/theupdateframework/notary
rook,Ben Hindman,6/6/17,1/29/18,Incubation,Yes,DCO,Yes,No,No,Yes,https://rook-io.slack.com/#/,https://github.com/rook
Vitess,Brian Grant,4/19/17,2/5/18,Graduation,Yes,DCO,Yes,Email to maintainer's list,No,Yes,https://vitess.slack.com/,https://github.com/vitessio/vitess
NATS,Alexis Richardson,9/21/16,3/15/18,Incubation,Yes,No,Yes,No,Yes,Yes,https://natsio.slack.com/#/,https://github.com/nats-io
SPIFFE,"Brian Grant, Sam Lambert, Ken Owens",11/7/17,3/29/18,Incubation,No,DCO,Yes,No,No,Yes,https://spiffe.slack.com/#/,https://github.com/spiffe
OPA,"Brian Grant, Ken Owens",11/14/17,3/29/18,Incubation,Yes,DCO,Yes,"Yes, email address","Trail of Bits,Cure53",Yes,https://openpolicyagent.slack.com/#/,https://github.com/open-policy-agent
CloudEvents,"Ken Owens, Brian Grant",5/15/18,5/15/18,Graduation,No,DCO,Yes,No,No,No,N/A,https://github.com/cloudevents
Telepresence,"Alexis Richardson, Camille Fournier",4/17/18,5/22/18,Sandbox,No,DCO,Yes,No,No,No,https://datawire-oss.slack.com/,https://github.com/telepresenceio
Helm,Brian Grant,5/15/18,6/1/18,Graduation,Yes,DCO,Yes,"Yes, email address",No,Yes,Kubernetes,https://github.com/helm
Harbor,"Quinton Hoole, Ken Owens",6/19/18,7/31/18,Graduation,Yes,DCO,No,No,No,No,CNCF,https://github.com/goharbor
OpenMetrics,"Alexis Richardson, Bryan Cantrill",6/20/17,8/10/18,Sandbox,No,No,No,No,No,No,N/A,https://github.com/OpenObservability/OpenMetrics
Cortex,"Ken Owens, Bryan Cantrill",6/5/18,9/20/18,Sandbox,No,DCO,Yes,No,No,Yes,CNCF,https://github.com/cortexproject
Buildpacks,"Brian Grant, Alexis Richardson",8/21/18,10/3/18,Incubation,No,DCO,No,No,No,No,https://buildpacks.slack.com/#/,https://github.com/buildpack
Falco,"Brian Grant, Quinton Hoole",7/17/18,10/10/18,Incubation,No,CLA,Yes,No,No,Yes,Kubernetes,https://github.com/falcosecurity
Dragonfly,"Jonathan Boulle, Benjamin Hindman",9/4/18,11/15/18,Incubation,No,DCO,No,"Yes, corporate email address",No,Yes -- personal email address for reporting,https://gitter.im/alibaba/Dragonfly,https://github.com/dragonflyoss
Virtual Kubelet,"Alexis Richardson, Quinton Hoole",9/18/18,12/4/18,Sandbox,No,CLA,No,No,No,https://github.com/virtual-kubelet/virtual-kubelet#contributing,Kubernetes,https://github.com/virtual-kubelet
etcd,Brian Grant,8/7/18,12/11/18,Incubation,Yes,DCO,No,Yes - needs review,No,Yes  - corporate addresses for reporting,IRC,https://github.com/etcd-io
TiKV,"Ben Hindman, Bryan Cantrill",7/3/18,8/28/18,Graduation,Yes,DCO,Yes,No,No,Yes  -corporate email for reporting,tikv-wg.slack.com,https://github.com/tikv
KubeEdge,"Brendan Burns, Quinton Hoole",3/12/19,3/18/19,Incubation,No,DCO,No,No,No,Yes,https://kubeedge.slack.com/,https://github.com/kubeedge
Brigade,"Brendan Burns, Quinton Hoole",3/12/19,3/18/19,Sandbox,No,DCO,Yes,No,No,Yes,CNCF,https://github.com/brigadecore
Network Service Mesh,"Joe Beda, Matt Klein",4/9/19,4/11/19,Sandbox,No,CLA,No,No,No,No,CNCF,https://github.com/networkservicemesh/
OpenTelemetry,"Brendan Burns, Brian Grant, Matt Klein",5/7/19,5/7/19,Sandbox,No,CLA,Yes,No,No,Yes,https://gitter.im/open-telemetry/community,https://github.com/open-telemetry
OpenEBS,"Alexis Richardson, Xiang Li",5/14/19,5/14/19,Sandbox,No,DCO,Yes,No,No,Yes,CNCF + Kubernetes,https://github.com/openebs
CRI-O,Brendan Burns,3/12/19,4/18/19,Incubation,Yes,DCO,No,Yes,No,Yes,Kubernetes,https://github.com/cri-o
SPIRE,"Brian Grant, Sam Lambert, Ken Owens",11/7/17,3/29/18,Incubation,No,CLA,Yes,No,No,Yes,https://spiffe.slack.com/,https://github.com/spiffe/spire
Thanos,"Liz Rice, Alexis Richardson, Xiang Li, Joe Beda",7/9/19,7/9/19,Sandbox,No,DCO,Yes,No,No,Yes,CNCF,https://github.com/thanos-io
Flux,"Michelle Noorali, Xiang Li",6/11/19,7/15/19,Sandbox,,DCO,No,No,No,Yes,CNCF,https://github.com/fluxcd
In-Toto,"Liz Rice, Michelle Noorali",7/9/19,8/21/19,Sandbox,,DCO,Yes,No,No,Yes,IRC,https://github.com/in-toto
Strimzi,"Matt Klein, Alexis Richardson",4/9/19,8/28/19,Sandbox,,DCO,Yes,No,No,Yes,CNCF,https://github.com/strimzi
KubeVirt,"Brian Grant, Liz Rice",7/9/19,9/9/19,Sandbox,,DCO,Yes,No,No,Yes,Kubernetes,https://github.com/kubevirt
Longhorn,"Alexis Richardson, Liz Rice",7/9/19,10/11/19,Sandbox,,DCO,Yes,No,No,Yes,CNCF,https://github.com/longhorn
ChubaoFS,"Alexis Richardson, ",12/3/19,12/17/19,Sandbox,,DCO,Yes,No,No,Yes,https://chubaofs.slack.com/#/,https://github.com/chubaofs
Keda,"Liz Rice, Michelle Noorali, Xiang Li",2/20/2020 -  SIG-Runtime,3/9/20,Sandbox,,DCO,Yes,No,No,Yes,Kubernetes,https://github.com/kedacore
Service Mesh Interface,"Jeff Brewer, Brendan Burns, Matt Klein",1/16/2020- SIG-Network,3/16/20,Sandbox,,DCO,Yes,No,No,Yes,CNCF,https://github.com/servicemeshinterface
Argo,"Jeff Brewer, Michelle Noorali, Xiang Li",9/24/19 - SIG App Delivery,4/7/20,Incubation,Incubating,CLA,No,Yes,No,Yes,https://argoproj.slack.com/,https://github.com/argoproj
Volcano,"Alena Prokharchyk, Liz Rice, Sheng Liang",SIG-Runtime,4/10/20,Sandbox,,DCO,Yes,Yes,No,Yes,CNCF,https://github.com/volcano-sh
CNI-Genie,N/A,N/A,6/23/20,Sandbox,,DCO,No,No,No,Yes,No,https://github.com/cni-genie
Keptn,N/A,N/A,6/23/20,Sandbox,,DCO,Yes,No,No,Yes,slack.keptn.sh & CNCF channel,https://github.com/keptn
Kudo,N/A,N/A,6/23/20,Sandbox,,DCO,No,Yes,No,Yes,Kubernetes,https://github.com/kudobuilder
Cloud Custodian,N/A,N/A,6/23/20,Sandbox,,CLA,No,Yes,No,Yes,Gitter,https://github.com/cloud-custodian
Dex,N/A,N/A,6/23/20,Sandbox,,DCO,No,Yes - CoreOS,No,Yes. - CoreOS,Kubernetes,https://github.com/dexidp
LitmusChaos,N/A,N/A,6/23/20,Sandbox,,DCO,Yes,No,No,Yes,https://slack.litmuschaos.io/,https://github.com/litmuschaos
Artifact Hub,N/A,N/A,6/23/20,Sandbox,,DCO,No,Yes,No,Yes,CNCF,https://github.com/artifacthub
Kuma,N/A,N/A,6/23/20,Sandbox,,DCO,Yes,No,No,Yes,Community + Slack Chat,https://github.com/kumahq
Parsec,N/A,N/A,6/23/20,Sandbox,,DCO,No,No,No,Yes,CNCF,https://github.com/parallaxsecond
BFE,N/A,N/A,6/23/20,Sandbox,,CLA,Yes,No,No,Yes,bfe-network.slack,https://github.com/bfenetworks
Crossplane,N/A,N/A,6/23/20,Sandbox,,DCO,Yes,No,No,Yes,https://slack.crossplane.io/,https://github.com/crossplane
Contour,N/A,N/A,7/7/20,Incubation,,DCO,No,Yes,No,Yes,Kubernetes,https://github.com/projectcontour
Operator Framework,N/A,N/A,7/9/20,Incubation,,DCO,No,Yes,No,Yes -- Red Hat,None,https://github.com/operator-framework
Operator Framework Lifecycle Manager,N/A,N/A,7/9/20,Incubation,,DCO,No,No,No,Yes - CoreOS,None,https://github.com/operator-framework/operator-lifecycle-manager
ChaosMesh,N/A,N/A,7/14/20,Sandbox,,DCO,No,No,No,Yes,CNCF,https://github.com/chaos-mesh
Serverless WG Spec,N/A,N/A,7/14/20,Sandbox,,DCO,Yes,No,No,CNCF,CNCF,https://github.com/serverlessworkflow
k3s,N/A,N/A,8/19/20,Sandbox,,DCO,No,Yes,No,Yes,https://slack.rancher.io/,https://github.com/k3s-io
Backstage,N/A,N/A,9/8/20,Sandbox,,DCO,Yes,Yes,No,Yes. - Spotify FOSS,Discord,https://github.com/backstage
Tremor,N/A,N/A,9/8/20,Sandbox,,DCO,No,Yes,No,Yes,tremor-debs slack,https://github.com/tremor-rs
metal3-io,N/A,N/A,9/8/20,Sandbox,,DCO,No,No,No,Yes,Kubernetes,https://github.com/metal3-io/
Porter,N/A,N/A,9/8/20,Sandbox,,DCO,Yes,No,No,Yes,https://porter.sh/community/#slack,https://github.com/getporter
OpenYurt,N/A,N/A,9/8/20,Sandbox,,CLA,Yes,No,No,Yes,openyurt slack,https://github.com/alibaba/openyurt
"Open Service Mesh   ",N/A,N/A,9/8/20,Sandbox,,CLA,No,No,No,Yes,CNCF,https://github.com/openservicemesh
Keylime,N/A,N/A,9/22/20,Sandbox,,DCO,Yes,Yes,No,Yes,Gitter,https://github.com/keylime/
SchemaHero,N/A,N/A,11/10/20,Sandbox,,DCO,No,No,No,Yes,Kubernetes,https://github.com/schemahero
Cloud Development Kit for Kubernetes (cdk8s),N/A,N/A,11/10/20,Sandbox,,No,No,Yes,No,Yes,https://cdk.dev/,https://github.com/awslabs/cdk8s
cert-manager,N/A,N/A,11/10/20,Sandbox,,DCO,No,No,No,Yes,Kubernetes,https://github.com/jetstack/cert-manager
OpenKruise,N/A,N/A,11/10/20,Sandbox,,DCO,Yes,No,No,Yes,kruise-workspace,https://github.com/openkruise
"Tinkerbell ",N/A,N/A,11/10/20,Sandbox,,DCO,No,No,No,Yes,https://tinkerbell.org/community/slack/,https://github.com/tinkerbell
Pravega,N/A,N/A,11/10/20,Sandbox,,DCO,No,No,No,Yes,https://pravega.io/#,https://github.com/pravega
Kyverno,N/A,N/A,11/10/20,Sandbox,,DCO,No,No,No,Yes,Kubernetes,https://github.com/kyverno